OBJECTID,LAD22CD,LAD22NM,BNG_E,BNG_N,LONG,LAT,GlobalID,Shape__Area,Shape__Length
1,E06000001,Hartlepool,447160,531474,-1.27018,54.67614,4f0897c4-c100-420f-a3e2-edf93977a6f0,93717028.438385,70995.4447732609
2,E06000002,Middlesbrough,451141,516887,-1.21099,54.54467,58e8beab-dba4-49cf-b3e1-5a458e7218ba,53881560.0185547,44479.8769841827
3,E06000003,Redcar and Cleveland,464361,519597,-1.00608,54.56752,686ea8c1-79f6-49f1-9c21-cc04df19e08e,245069508.589874,96703.4365383874
4,E06000004,Stockton-on-Tees,444940,518183,-1.30664,54.55691,86cffb21-e561-4a88-90d5-1f1aebf755a4,204932935.038605,123405.091421009
5,E06000005,Darlington,428029,515648,-1.56835,54.53534,ceeb09d2-5a8e-4628-8b52-bb39522312fb,197477753.555023,107202.299425244
6,E06000006,Halton,354246,382146,-2.68853,53.33424,e8611d0d-957e-40f3-b188-c1ecef9a9890,79084021.8926773,77769.8801037588
7,E06000007,Warrington,362744,388456,-2.56167,53.39163,6c9bc957-4a57-4e7e-84d6-020733b1851f,180627984.298889,114688.175571706
8,E06000008,Blackburn with Darwen,369490,422806,-2.4636,53.7008,37c2a129-7d46-4b46-b04f-56d9cc4339e8,137022093.525848,65284.3735150369
9,E06000009,Blackpool,332819,436635,-3.02199,53.82164,19669b6e-452d-48a9-b293-10a47ba6e6aa,34870852.2277985,34480.791460662
10,E06000010,"Kingston upon Hull, City of",511894,431650,-0.30382,53.7692,dc433c6c-4a44-4686-b6bf-ff679df1e366,71583596.5189972,64680.5527748497
11,E06000011,East Riding of Yorkshire,488056,443597,-0.66195,53.88112,6fc10e1b-90b0-40d8-a0e2-ed0f919d10b9,2404768954.00879,504120.167367439
12,E06000012,North East Lincolnshire,523465,404564,-0.13911,53.52327,1991f2e1-8401-44bb-880b-820a290a0989,192622985.907043,93246.3511874997
13,E06000013,North Lincolnshire,497800,410993,-0.52407,53.58643,334791c6-73d8-4040-a9be-e062cb236f10,846540128.716782,244546.847751675
14,E06000014,York,460864,452589,-1.07375,53.96582,32218353-0b87-4ef5-a7ef-d72213ca3f80,271931454.715424,102020.797435209
15,E06000015,Derby,435609,335375,-1.47189,52.91464,374a08da-f260-4e3c-a828-9f6ebf68cc27,78031107.3557892,50036.3185804889
16,E06000016,Leicester,458946,304594,-1.1304,52.63592,e8c997ed-a22f-4ec6-bbdb-da76ee63985b,73342034.1657257,51929.4942082033
17,E06000017,Rutland,492992,308655,-0.6263,52.66765,dcdaa2c4-d811-4de4-a0c8-c4f25f8a338b,393748938.333481,125879.320087916
18,E06000018,Nottingham,456082,339969,-1.16667,52.95419,453b0d4e-9104-4828-9521-463adc81cb77,74613549.3099365,58723.7427401093
19,E06000019,"Herefordshire, County of",349434,242834,-2.73931,52.08154,e4708b78-599e-45fc-a7c2-6a756c878a88,2179708317.85796,349869.988254535
20,E06000020,Telford and Wrekin,367035,313057,-2.48941,52.71417,e00e989b-c817-4fc7-8bb3-ecdb0579ed42,290313536.554543,118775.749483715
21,E06000021,Stoke-on-Trent,389438,346652,-2.15888,53.01707,edeb0ed3-6ffa-465a-8775-cdc2d21041a8,93448551.6496658,63971.3417170554
22,E06000022,Bath and North East Somerset,366217,161999,-2.48654,51.35604,fcd2b44e-9e27-47bc-b048-b201f329c7c9,351123167.510914,141674.070852301
23,E06000023,"Bristol, City of",359990,174846,-2.57742,51.47115,8d499e57-c03f-4f7b-8f72-516a948444f6,109666893.537754,109716.807151389
24,E06000024,North Somerset,347614,166718,-2.75438,51.39706,1788605a-498c-4aa7-b621-dc2ee17c7615,374637219.145588,154748.329925126
25,E06000025,South Gloucestershire,367559,183198,-2.46922,51.54673,4c446737-814e-4f49-a335-d207fb11f2dd,497051000.329182,143231.908720237
26,E06000026,Plymouth,249945,58255,-4.11297,50.40494,e6a2dd97-2e92-4fdd-85fc-759703bac964,79849695.3578596,92644.7626020104
27,E06000027,Torbay,289730,64613,-3.55523,50.47092,31de3cbb-80f5-4be7-97da-98d618531f1d,62886739.4814568,77910.3011761852
28,E06000030,Swindon,418551,186564,-1.73367,51.57763,9377b42d-c131-4e61-bab0-fd45945d0fe8,230093343.90052,103011.758683882
29,E06000031,Peterborough,517372,300777,-0.26874,52.59214,998546c6-f7d6-46e3-8510-f10833e1a8a5,343378153.648758,112674.360311022
30,E06000032,Luton,508606,222559,-0.42319,51.89102,33b81b81-fa0a-4484-9d44-5dc7cae716a1,43352485.6740799,34569.1847138739
31,E06000033,Southend-on-Sea,587777,186837,0.706923,51.54917,e42da9ce-0a5c-4031-9d05-227cebfc1ef6,41673985.997879,57782.8505864579
32,E06000034,Thurrock,562123,181590,0.334861,51.50998,bd598e2d-9839-4f11-a3b0-254085b7defa,163837059.049011,115990.94631799
33,E06000035,Medway,578207,175198,0.563174,51.44772,218263e8-56b4-4b94-beb4-baef9ee9c28a,193714243.501663,249506.986860806
34,E06000036,Bracknell Forest,488169,168792,-0.73363,51.4113,c9d588dc-e430-419a-9c8c-49463b478cc9,109384217.921951,62507.6688894678
35,E06000037,West Berkshire,450575,172095,-1.27364,51.44559,d5c1f6d6-99ec-43dc-bffe-bb913365daa3,704182731.436508,166818.256909513
36,E06000038,Reading,470226,173154,-0.99071,51.45302,e3eba260-b0e8-4c9d-9534-2ca04b37c486,40397937.1150055,39327.6361285706
37,E06000039,Slough,498920,179246,-0.57617,51.5035,8b186cf9-b5a5-4b1c-90c2-24a8e3cbaeea,32542015.6781998,44179.9803340002
38,E06000040,Windsor and Maidenhead,492079,176541,-0.67541,51.48034,61757f31-efb3-4748-b0dd-36495e3beae7,198427158.641678,114827.85425453
39,E06000041,Wokingham,476624,169902,-0.89935,51.42296,ef2c76c1-ea35-4b2a-b687-3bb3b0f7fdd7,178969062.886101,86869.6892364658
40,E06000042,Milton Keynes,486408,242308,-0.7407,52.07241,92f28a04-bed4-429d-94bc-a1f1c4b0668b,308626721.690674,102957.957280917
41,E06000043,Brighton and Hove,530279,106850,-0.15079,50.8465,efe9ba17-f59c-4fda-aebb-8d8534d6d29c,82832986.4537163,59518.0598414596
42,E06000044,Portsmouth,465619,101352,-1.07006,50.808,ca553f95-d462-4e9b-a9a3-5b56a656e9f5,40381702.7208786,62728.1159671998
43,E06000045,Southampton,442303,113700,-1.39952,50.9212,ea230ba9-e6e0-4edf-bd3d-2559e062236a,49880631.0821457,61542.83167426
44,E06000046,Isle of Wight,447183,85949,-1.33366,50.67129,1a36ebe2-6407-41ec-983d-043ee9baed51,379620110.433128,210138.171698921
45,E06000047,County Durham,410381,532242,-1.8405,54.68513,5e324446-e439-4609-ad91-ad36a0d7ebe1,2231432413.7442,315226.5620707
46,E06000049,Cheshire East,380510,363462,-2.29299,53.16793,150b38f1-10e0-42c7-ae54-ed2bf91149f4,1166357340.22478,301202.123887001
47,E06000050,Cheshire West and Chester,353097,363145,-2.70298,53.16336,0763ece8-dad3-422d-ae6c-b8cff21b311e,920018025.153366,335602.120786175
48,E06000051,Shropshire,350227,302960,-2.73667,52.62212,ef114655-13c3-4591-bfe7-78563bf4c874,3197275322.10071,580599.517826282
49,E06000052,Cornwall,212497,64493,-4.64254,50.45022,943a1446-bfe6-416e-9217-db2e7e92bc17,3548939128.37525,1241698.30993484
50,E06000053,Isles of Scilly,91327,11447,-6.30217,49.92332,f8c47ccb-4117-4720-b90c-629fc2cf3e14,16317750.9656984,117979.404973975
51,E06000054,Wiltshire,405209,158863,-1.92661,51.32883,d86277e6-c099-4217-b929-08221590c187,3255338105.52649,401997.073738198
52,E06000055,Bedford,505721,256463,-0.45463,52.19628,82ae337c-e213-496e-8f64-015e554188a7,476408313.581512,131719.277394327
53,E06000056,Central Bedfordshire,504615,234492,-0.47754,51.99903,6c08edef-2979-4ae0-bd02-f426423ed48c,715665436.200249,232685.180099795
54,E06000057,Northumberland,395322,600700,-2.07523,55.30038,e8b006b1-17ff-4b48-b123-40d9744dd925,5032312670.70721,606237.058471462
55,E06000058,"Bournemouth, Christchurch and Poole",410815,94066,-1.84807,50.74609,e4b50012-caf9-4356-b18f-512c7d4ef3a2,162070068.733498,169170.760362858
56,E06000059,Dorset,370871,99796,-2.41467,50.79697,b6a16157-f8b8-4369-837f-35cd9f597454,2490956548.83216,594351.067967845
57,E06000060,Buckinghamshire,482506,208561,-0.80569,51.76966,85d93087-7949-41fa-8ff3-4a51213fb922,1564937984.73737,361907.474854908
58,E06000061,North Northamptonshire,493590,281718,-0.62504,52.42546,bca86d9f-d5a1-4e16-b959-17dd9103873f,986594539.219704,210624.116197611
59,E06000062,West Northamptonshire,467187,263879,-1.01682,52.26898,0f6ac1a1-1937-436a-b563-eb93650b4cc7,1380395590.74594,263780.515769498
60,E07000008,Cambridge,545420,257901,0.126436,52.20017,e80b0e7e-f9be-4c98-9efd-eca89d84e905,40698821.5531006,37169.1755199722
61,E07000009,East Cambridgeshire,555576,275765,0.283149,52.35788,a9405d98-4cc4-4f5e-b01a-7f0f43e24522,651285998.225235,234186.379059796
62,E07000010,Fenland,536361,294959,0.009016,52.53544,1b27de3a-0da5-41b5-8301-9c715d24de47,546450113.704163,187880.829081479
63,E07000011,Huntingdonshire,521008,274269,-0.2247,52.35315,f72a1bf3-1186-485f-a4ca-c020683304ad,912455230.938255,223334.106874589
64,E07000012,South Cambridgeshire,543295,247586,0.091017,52.10805,57df9c7b-b64f-4c20-90fc-451850fd6fa1,901624749.081009,257074.63199472
65,E07000026,Allerdale,317520,532997,-3.2809,54.68524,88da1078-8215-42c3-ab5e-e9acbb5e1758,1258309894.58141,326487.484725694
66,E07000027,Barrow-in-Furness,321741,474165,-3.1999,54.15731,d0a663a1-c34e-48b7-9eed-c121ec1e25a9,77897007.8176727,146479.54286353
67,E07000028,Carlisle,348576,565154,-2.80498,54.97833,d0f382ca-7b90-43de-82a6-a99eb98819b9,1038296843.17699,278387.402171436
68,E07000029,Copeland,310871,508739,-3.37664,54.46617,b01c44db-ff87-41a9-9bf0-3373bc7a53f3,737632414.953644,252310.358746921
69,E07000030,Eden,359636,526396,-2.62678,54.63107,95d67554-8148-47fc-96a5-53a7008dd14f,2156479430.46436,268766.165774266
70,E07000031,South Lakeland,349265,489555,-2.78108,54.29908,a1a399b2-c53f-4877-a3c4-5c8d81c6ebf5,1554926499.52405,381791.632846212
71,E07000032,Amber Valley,436166,348084,-1.46219,53.02884,5b7ac3da-998f-434e-bcf9-3bed53929e69,265437895.569733,109015.606044319
72,E07000033,Bolsover,448666,371548,-1.27228,53.23875,efdcf130-76d2-4c22-889f-8ead83b042d4,160334643.513474,96233.3664932635
73,E07000034,Chesterfield,440049,373359,-1.40115,53.25575,b22f0ac9-dd39-4a84-b9ea-60bde94d2f66,66035323.1428528,52615.4706045034
74,E07000035,Derbyshire Dales,419697,358493,-1.70711,53.12326,3c112450-e7a1-4157-a5b1-dd237c3ce0e2,795318009.745445,245455.056178363
75,E07000036,Erewash,443721,338063,-1.3509,52.9382,3c5f08e9-90cc-4a89-a763-f172d5dbb19d,109630039.364151,73544.8394314227
76,E07000037,High Peak,410474,387660,-1.84398,53.38569,abd4a207-7c0f-4aa8-8e66-66ec6cc81997,540254001.172287,159628.494883945
77,E07000038,North East Derbyshire,437369,362955,-1.44253,53.16243,2467ad84-08a1-417d-ad4d-a909991e14cc,275623494.267426,161225.071207051
78,E07000039,South Derbyshire,431443,325363,-1.5348,52.8249,f121f4de-391b-427b-a5e9-f0139fdac9bc,338126978.455208,166687.786160215
79,E07000040,East Devon,313787,96051,-3.22364,50.75761,e3e79b18-6e2b-4d44-935d-920b2f615acc,814238085.64348,219898.809562237
80,E07000041,Exeter,293239,92005,-3.51368,50.71782,2229bcc5-8391-45e0-b315-81aa52f15821,47033059.9164791,50237.7675140627
81,E07000042,Mid Devon,288064,108911,-3.59212,50.86882,1e81c648-e7c2-4476-9214-c9499744b409,912900687.437094,246619.14811547
82,E07000043,North Devon,265110,132532,-3.92691,51.07621,8ddbb773-cd62-431d-93d0-4de0b91198ba,1085892211.72708,321505.909311383
83,E07000044,South Hams,270676,54036,-3.81996,50.37195,e21cb127-3303-40f5-b245-2876cc12e3f1,886546853.262712,478786.873442955
84,E07000045,Teignbridge,283144,80205,-3.65289,50.60981,67e68ce5-5832-45f0-ad51-ea3b3a0d7f0d,673759624.336535,191462.739131607
85,E07000046,Torridge,244206,114334,-4.21728,50.90739,bd0ac8ff-b41f-4609-a593-8508449ac0c2,985260246.973413,316896.873925581
86,E07000047,West Devon,256376,86990,-4.03361,50.66481,77e0f511-f7cf-4c10-b491-8f1b600079ef,1161110790.60718,254084.589443058
87,E07000061,Eastbourne,559339,99575,0.258516,50.77387,d7965724-8929-4e65-8fef-375836a3789c,44161445.8415146,38031.9141657598
88,E07000062,Hastings,581528,110694,0.578395,50.86724,13600dfd-a437-4d6e-8cbd-cf8a681c50d0,29796100.0479965,34101.6655092136
89,E07000063,Lewes,541474,105686,0.007671,50.83341,592e5fd0-628c-455a-bf83-d2d82619985a,292106825.010426,168355.709682755
90,E07000064,Rother,578721,119666,0.542937,50.94871,b84722d3-f53a-43cb-b680-e00f958d163f,511753820.878868,180525.14058901
91,E07000065,Wealden,555048,117180,0.205156,50.93322,eaceb7cf-58f5-41a8-846e-1af273aaac6d,834948480.560349,225861.785728649
92,E07000066,Basildon,571548,190848,0.475055,51.59036,49b796db-f043-47d8-bebb-4f4b44aff1de,110001019.357956,85629.8325333489
93,E07000067,Braintree,577253,227335,0.575911,51.91634,e73d2b04-8219-4161-90b6-422dc92f97d0,611708022.086105,168682.860674143
94,E07000068,Brentwood,558560,196070,0.290091,51.64108,247507b1-d9f7-471c-84f6-47498f738558,153124041.91967,72338.721114412
95,E07000069,Castle Point,579490,187920,0.588084,51.56159,aa3d261a-cb30-4b4a-98c3-6969f31616cf,44673542.4161453,163451.791303781
96,E07000070,Chelmsford,572116,206972,0.491177,51.73503,68ad4261-3f62-4a03-8bad-bedb34d73393,342227524.164383,126392.256798513
97,E07000071,Colchester,596944,223693,0.859777,51.87702,17ea4d79-9ae7-4e43-a74e-880ddb898a17,332325207.134529,318166.846444495
98,E07000072,Epping Forest,548919,203759,0.154147,51.7128,12a3c07a-6747-446d-ac0b-162bf582aca9,338984118.261093,123269.197706998
99,E07000073,Harlow,545276,209589,0.103888,51.76614,f3c88cfd-eee9-462f-b65b-4b61446fdaa1,30537927.558403,28513.3707443894
100,E07000074,Maldon,591413,212072,0.773106,51.77458,4b3c2f78-1c7b-4556-9201-38730c66cf5a,357815666.210754,469756.387755022
101,E07000075,Rochford,585979,191417,0.683442,51.5909,2603610f-c2a5-43ab-bf99-ae2024651c4a,167092773.003693,234542.377866038
102,E07000076,Tendring,614190,222141,1.108981,51.85674,72a6713a-a2ea-4c99-ad09-dfc672f3e48d,336324480.711655,442524.946126182
103,E07000077,Uttlesford,557832,228865,0.294485,51.93592,ba96d96b-63e9-49fd-a510-c47347e97272,641182884.0028,166503.257259225
104,E07000078,Cheltenham,394925,222232,-2.07515,51.89861,70eea2b9-0ca7-4945-bae8-6f78a2187e2e,46596063.962883,38220.6903355067
105,E07000079,Cotswold,402125,208209,-1.97059,51.77255,36ef3634-6f2d-43e1-941d-0fc550190a04,1164524434.81,332430.632142207
106,E07000080,Forest of Dean,367175,212759,-2.47755,51.81249,69bdf545-bd13-43a3-843f-1eb83ca0b30d,525902205.279598,190123.961527424
107,E07000081,Gloucester,384071,216449,-2.23263,51.84641,2f3eeb00-d364-4565-ae8c-1c5edd94b688,40553067.3244019,33535.1859054462
108,E07000082,Stroud,378807,202410,-2.30818,51.72001,81200c68-5bb8-4001-9d8c-02a2f9d51313,460541932.869873,172776.114211025
109,E07000083,Tewkesbury,386347,226279,-2.19998,51.93485,3ca6ad3d-da3a-4363-8afa-97591dab911c,414414331.562553,204816.882682367
110,E07000084,Basingstoke and Deane,454508,151423,-1.22021,51.25937,e9531939-321c-444c-809c-566c1d2373cf,633808768.307358,143445.561610085
111,E07000085,East Hampshire,474405,129237,-0.9397,51.05765,581ee113-999f-4515-9ddc-cc3510a38c29,514427244.742657,144529.50155922
112,E07000086,Eastleigh,447199,116807,-1.32947,50.94876,0f2c6760-fd25-4ad0-a299-dfc5bec7f091,79691534.0098381,75969.3775576814
113,E07000087,Fareham,453774,106319,-1.23742,50.85388,1df29773-440d-4b80-be82-8fec9817ddd9,74252568.9594955,66391.3307962447
114,E07000088,Gosport,458769,101088,-1.16731,50.80636,c7615a7f-184c-41bb-bce6-359129190a16,25373863.7145844,40199.0477695626
115,E07000089,Hart,477985,154240,-0.88321,51.28197,394bcd88-e0f3-455e-8729-554cfdab58c2,215265062.888855,77846.4171414185
116,E07000090,Havant,470178,108564,-1.00398,50.87231,a58f612a-d583-4c89-8e32-3186d27566a9,55740903.8449326,115656.197676586
117,E07000091,New Forest,428748,106521,-1.59293,50.85748,c4a5b0a9-dae4-4140-a780-cb4abd5d5e7e,752175282.627556,332041.797374276
118,E07000092,Rushmoor,486022,153944,-0.76807,51.27815,788869cf-f2f7-4682-aa0b-70f7677cbe38,39045031.351738,31890.6799933273
119,E07000093,Test Valley,434930,137329,-1.50214,51.13417,0b663c8a-0378-4f4c-b0b1-74239b8e7ddf,627605429.112347,190861.013213486
120,E07000094,Winchester,453115,125901,-1.24393,51.03002,22afcd0d-af20-4e71-baf3-cf2e4194f87b,660970784.217972,172284.74960649
121,E07000095,Broxbourne,534742,204251,-0.05073,51.7208,de99b863-67e6-44e4-b21d-44a88f73a370,51442323.4619751,39066.0781406614
122,E07000096,Dacorum,500084,208745,-0.55098,51.76845,ea261f50-90ae-4cdb-9fbc-c19fcf2f9d3d,212476384.667572,110099.851922617
123,E07000098,Hertsmere,519774,199352,-0.26899,51.68017,f8577cac-6dd7-4259-9e4c-7a6695f93ee2,101128118.175667,61226.9755336206
124,E07000099,North Hertfordshire,522191,230255,-0.22315,51.95737,5a248bcc-c37a-4e98-8f02-e02a98a66180,375382263.828629,168304.522402386
125,E07000102,Three Rivers,507313,196418,-0.45005,51.65632,eaa04205-a2f1-454b-a3f3-b079491108a9,88824130.6230011,74110.379284116
126,E07000103,Watford,510441,198197,-0.40429,51.6717,200025f2-38fb-47c6-9dc1-507eb5998e61,21430353.2294617,26390.2208397151
127,E07000105,Ashford,597640,140644,0.823374,51.13096,880bb278-eb6c-4e0b-9c26-c134a1ab1d9c,580617311.897118,149444.582577307
128,E07000106,Canterbury,616032,158096,1.096342,51.28102,fdd8f3eb-e1f2-46e7-9626-dbb60d4053cc,308752612.081711,134480.799412342
129,E07000107,Dartford,556167,172917,0.245276,51.43373,b5a11299-7550-4453-9e0e-bf27d726aec8,72725607.9143295,57308.8720058897
130,E07000108,Dover,628964,150942,1.276887,51.21176,ed54637f-1d5f-41e6-8a89-fe3a5b4c49a8,315337915.2687,148158.437178881
131,E07000109,Gravesham,566969,169114,0.398744,51.39649,ef838d30-7de9-4b2e-9361-51f90f149d23,98991343.2274551,60514.4410982861
132,E07000110,Maidstone,580489,151670,0.584061,51.23566,81f2f5f0-11ec-47c4-89ce-cb61dbe7784d,393329500.961746,122978.78174292
133,E07000111,Sevenoaks,552776,155218,0.188936,51.27563,90753e3c-4789-4642-bfc8-6073fbfc77be,370347002.872887,134424.857442803
134,E07000112,Folkestone and Hythe,610318,134595,1.000795,51.07213,704385ca-493a-4b31-9922-cad6d54aed36,356921043.868256,148967.649330333
135,E07000113,Swale,593583,161818,0.776893,51.32251,c50f9d3b-514d-4a60-9833-23d89d3406fa,373436673.654884,347837.119044776
136,E07000114,Thanet,631839,166752,1.328226,51.35252,6eaade88-0fa5-4f95-a1c2-7a1ea55a9864,103609165.030899,65350.7660741796
137,E07000115,Tonbridge and Malling,564014,153898,0.349306,51.26064,16fcfc3b-3ed1-42dd-8765-f5338436f8f5,240114170.676559,133207.63333914
138,E07000116,Tunbridge Wells,573139,136599,0.471632,51.10254,f3dfc38b-8020-4a27-8e10-624ce742df04,331328785.658195,150582.555352952
139,E07000117,Burnley,384886,430882,-2.2308,53.77406,9367dcc1-e201-4f03-84a7-0cc61ea8586c,110683988.566406,57758.3849479255
140,E07000118,Chorley,359189,419724,-2.61921,53.6724,2b4b9fc0-4f7a-4190-bc60-e4e5f814d88e,202762183.405029,114512.346235165
141,E07000119,Fylde,339554,433811,-2.91914,53.79709,640cff36-3263-450a-8ad6-788fc81559db,165697310.717209,138362.913288946
142,E07000120,Hyndburn,374407,428971,-2.38964,53.75648,b9dce6e3-298a-4bf0-b01c-a02cc457a8ea,73006531.9950256,42725.5895458216
143,E07000121,Lancaster,356896,464988,-2.6603,54.07901,0060f2be-d0a5-46db-a72d-0d26bc3adf07,566931387.830002,345317.627701176
144,E07000122,Pendle,387637,443368,-2.18957,53.88636,53f090f6-6287-4f97-9353-28ee23f2d569,169380123.60495,79240.7874487146
145,E07000123,Preston,352825,436432,-2.71809,53.82202,44271841-9962-47b0-8f7b-946111b5660b,142284174.157196,82800.2293057923
146,E07000124,Ribble Valley,372687,447676,-2.4174,53.9245,6f8a209d-c239-4ef8-af23-759b15c6b7fc,584462410.81546,150567.848726777
147,E07000125,Rossendale,382827,420955,-2.26149,53.68478,258ca9fe-97c1-49ad-86b0-992d7c1a8dd4,138040945.395981,71146.5805886302
148,E07000126,South Ribble,352017,425840,-2.72871,53.72675,5c2fddbc-0f0f-49a5-b811-79c3bedbfc03,113141836.286911,105350.288208642
149,E07000127,West Lancashire,342611,413270,-2.86893,53.61283,c7743ce4-3c4e-4aab-a7cd-48e097ba578f,346632972.627609,227318.126540964
150,E07000128,Wyre,347295,445159,-2.80359,53.89991,2669d638-4f38-410f-bfea-8c04b367f444,282164343.01944,212915.765341898
151,E07000129,Blaby,454385,297994,-1.19887,52.57706,1d9138c2-d8d0-4064-801c-8520bc208646,130468683.748283,100814.853323911
152,E07000130,Charnwood,458365,316155,-1.13694,52.7399,40fff352-fc70-451d-9365-7dbb184823ec,279042271.32692,115467.998574257
153,E07000131,Harborough,474549,293875,-0.90229,52.53766,9127f6ec-66fb-402b-9bcc-940cbc772feb,592692009.022011,185943.110691819
154,E07000132,Hinckley and Bosworth,439538,301379,-1.41755,52.60877,30ff335d-cc04-478f-9043-1307fffaa049,297351522.794861,111542.038513824
155,E07000133,Melton,477328,323472,-0.8544,52.80329,62493e44-775b-40a4-a2cc-e03ab7c1557b,481380450.704636,140624.572169108
156,E07000134,North West Leicestershire,439111,316252,-1.42209,52.7425,0dd064a4-3579-4f9d-966c-1b0b998561b3,279328099.664093,116450.135016811
157,E07000135,Oadby and Wigston,461543,299379,-1.093,52.58875,ecec49c1-1f00-4086-83f6-f8eb7b1d0ae0,23526168.5615234,31168.1447108195
158,E07000136,Boston,526851,343953,-0.11218,52.97794,ff7802e9-9693-4239-855f-a28518c3218c,364008555.036423,440528.168926293
159,E07000137,East Lindsey,534861,376064,0.020516,53.26446,14b7426a-ec63-4410-82d6-bf84e38acca6,1766773262.77837,373174.618511839
160,E07000138,Lincoln,496347,370096,-0.55848,53.21921,14320237-c50b-4d11-a3d1-88f40c6a6b0a,35690262.1727448,32968.7309952948
161,E07000139,North Kesteven,502135,354788,-0.4767,53.08058,44443619-fe68-487e-ae22-34248446aa19,922471413.921478,181805.062441591
162,E07000140,South Holland,532910,322928,-0.03057,52.78758,a2742da9-d7fb-4df8-96ab-fe6e821f4be4,750076202.747803,438382.019479525
163,E07000141,South Kesteven,501406,328986,-0.49565,52.84885,5f150fa2-8f18-4353-9e0f-f8c2da59ae9b,942585741.048859,209809.642173754
164,E07000142,West Lindsey,499314,390326,-0.50774,53.40044,c6f55a61-02f4-4b06-98b1-8ef50c571415,1155731949.32346,249626.457251202
165,E07000143,Breckland,591015,303330,0.818716,52.59421,58cb17f3-4a8e-4336-8edf-7168b969820d,1305116636.27957,239522.366983952
166,E07000144,Broadland,619864,315909,1.252317,52.69622,f1a6ff17-6c30-494a-90a5-b4f5bbe5ba3f,552060685.792084,219123.176866742
167,E07000145,Great Yarmouth,646761,315881,1.64951,52.68439,0d141ae2-c69f-4dbb-9f78-ac08eac3e0d5,174314084.074799,145906.15414484
168,E07000146,King's Lynn and West Norfolk,571219,315805,0.533243,52.71283,b6cb723a-2c3f-48c4-a834-0b653df672bd,1439522846.14438,695918.289455614
169,E07000147,North Norfolk,611076,330857,1.132099,52.83389,3f062ddd-4d09-4e6e-ad22-837ee4f98294,967553276.937622,600210.544724485
170,E07000148,Norwich,622355,309773,1.284979,52.64013,6f3238d8-8bc3-4ff9-95a4-5178d79b6a14,39021877.0251007,52684.4118398563
171,E07000149,South Norfolk,628990,295823,1.373233,52.51218,4773f966-daaa-448e-bde9-058493d9e640,907576576.207336,266869.546468276
172,E07000163,Craven,389513,461989,-2.16168,54.05376,d89437d7-c9d4-4bf0-8c3b-8ade3d40e4d3,1178807535.3551,199881.375346452
173,E07000164,Hambleton,443009,490546,-1.34049,54.30872,7dc89141-29a1-47ec-b162-b24064ad1cab,1311256293.98462,298682.454054928
174,E07000165,Harrogate,427473,464652,-1.58161,54.07708,be559afe-03b2-4f2f-8d5f-4d33f81aa1b5,1309117875.80103,246981.310508245
175,E07000166,Richmondshire,401039,495786,-1.98552,54.35761,c2e70161-767e-45b7-bb99-c3c7662e5d46,1318702662.09824,221692.587160329
176,E07000167,Ryedale,474645,478532,-0.85735,54.19713,dcc8ac50-94f2-4ae5-bc37-29f1b995b126,1576037780.39989,288295.509029856
177,E07000168,Scarborough,487119,504929,-0.65851,54.43234,7f729602-1c10-47ab-ac3a-0e17b50f36c0,746734200.940247,232237.451588041
178,E07000169,Selby,457551,426670,-1.12908,53.73327,c0ff9a9e-6683-4af8-86db-d58b7d1fb7d2,599315573.121017,264845.228627161
179,E07000170,Ashfield,450035,355843,-1.25422,53.09747,29eceb15-27d8-463b-add7-56c39f07193f,109557954.123535,69168.0549787649
180,E07000171,Bassetlaw,468073,384835,-0.9787,53.35604,1c3c52a5-27b8-484d-916c-be76f1845298,637803607.337051,159728.532686028
181,E07000172,Broxtowe,449829,341893,-1.25944,52.9721,abbd97eb-ebc8-41b0-a35c-390193b6c13f,80098843.9173431,65996.6218856484
182,E07000173,Gedling,459184,347811,-1.11907,53.02434,0c706610-b5a6-4ab7-9fe8-8066a34489c0,119981502.24617,69750.8310113412
183,E07000174,Mansfield,455047,363637,-1.17804,53.16703,4d7722c5-43ae-4a3c-8f4c-5d191254fa2c,76696927.4926605,51089.9016277906
184,E07000175,Newark and Sherwood,470624,357451,-0.94643,53.1096,01e1386c-a0cd-4ae5-89ce-7c2f38e13bad,651340476.334167,187413.756474561
185,E07000176,Rushcliffe,466606,335453,-1.01097,52.9124,6cf2b7fd-0d74-4b32-a2ed-3aba8337c16b,409231546.466995,123321.322043074
186,E07000177,Cherwell,449301,221201,-1.28506,51.8872,55a33396-1173-407f-9e45-427e6013be63,588745404.830795,225617.395164138
187,E07000178,Oxford,452277,206368,-1.24405,51.75357,f89cc299-0871-44e0-b2a8-928ceb2534e6,45602825.5069656,34993.844626057
188,E07000179,South Oxfordshire,463890,191964,-1.07847,51.62288,b9787db8-bb17-470f-bc89-8cdff5696c1b,678492168.0867,205550.098477864
189,E07000180,Vale of White Horse,435693,195197,-1.48543,51.65443,ffe70ea7-3634-4e88-9591-d765b9b7731b,578679719.457848,176033.370660927
190,E07000181,West Oxfordshire,434343,215816,-1.50292,51.8399,2e0cac03-1dce-426b-974f-2cf767b2501a,714422037.287323,160237.256592195
191,E07000187,Mendip,362238,144090,-2.54178,51.19476,1302c6d2-c4d0-4dff-a0d3-02adc3d333c0,739435455.84145,198844.392404697
192,E07000188,Sedgemoor,338429,143998,-2.88246,51.19186,c1c2c773-bc25-4556-92f4-c2513a4e2629,564223823.389153,258005.505486467
193,E07000189,South Somerset,345633,120798,-2.77588,50.98399,a649b59e-3a8a-49a4-9be5-0942bd7a7e14,959053025.863747,241548.032961482
194,E07000192,Cannock Chase,401261,311553,-1.98277,52.70166,50c6490c-fcc3-4a6a-aeea-28c793186ac9,78882578.3519669,50125.8394489737
195,E07000193,East Staffordshire,412601,326569,-1.81438,52.83651,5926a65e-0cf8-4444-babf-e0d2cf31a9e7,389987122.843025,183691.288895755
196,E07000194,Lichfield,416283,310967,-1.76049,52.69615,9d758f90-37d0-4660-be0c-713502146502,331294321.205109,127463.170739768
197,E07000195,Newcastle-under-Lyme,378199,345174,-2.32631,53.00345,d4d4b5fa-e85b-4250-947c-f06cc8447b55,210957295.971909,108251.653778863
198,E07000196,South Staffordshire,389625,311037,-2.15495,52.69692,9974ae61-e895-4579-a8ca-faf2f70891bf,407322353.328491,184884.661607311
199,E07000197,Stafford,389001,327836,-2.16475,52.84792,26825696-c047-44bb-a90d-000bc513f9ce,598172189.401169,159072.547255002
200,E07000198,Staffordshire Moorlands,400543,352443,-1.99334,53.06924,9539a128-3932-4d60-b737-5ffcbf45a20a,575849809.00811,152441.966463739
201,E07000199,Tamworth,421455,302550,-1.68451,52.62031,6389f7fa-0f65-4272-bbae-879df3a4c6ff,30850724.0121002,30729.4523914775
202,E07000200,Babergh,599987,244692,0.916149,52.0645,d229c35b-86a1-4589-b946-f391bf90d192,595116582.608582,210443.313823908
203,E07000202,Ipswich,617161,244456,1.166145,52.05592,8fb7e212-8002-40c5-9835-9438a9cddb7a,39509771.3157806,45341.5416672666
204,E07000203,Mid Suffolk,611646,262338,1.096953,52.21859,06c67e0a-b956-4a0b-83cd-660223bcd211,871070710.020721,191151.730303906
205,E07000207,Elmbridge,511882,163658,-0.39441,51.36098,9c750d61-45c4-475b-9ce6-c79a6b315ea4,96334273.0766754,52204.4385998147
206,E07000208,Epsom and Ewell,521176,161475,-0.26172,51.33945,c614f834-c54f-497f-b326-7513d8e9293f,34079154.5370331,28503.8092975754
207,E07000209,Guildford,500408,151481,-0.56257,51.25366,cf4840ce-f265-4760-9071-ec3f4951dc62,270931144.02079,128412.382018558
208,E07000210,Mole Valley,518377,148953,-0.30603,51.22749,47b7afb6-f0b8-46a2-8f67-645ab32b260f,258321090.604195,105397.031980434
209,E07000211,Reigate and Banstead,525786,152574,-0.19871,51.25846,8f7d105b-46fa-467e-bdfd-df356df19d99,129143817.748154,79917.0905767468
210,E07000212,Runnymede,501777,166979,-0.53855,51.39273,0f4a1d82-abc7-4012-977b-33902a2ee37b,78040680.6398315,45677.007524902
211,E07000213,Spelthorne,507012,169622,-0.46254,51.41552,0c9cd6b9-75d3-4fd9-9f25-65ec0f4ebec8,51161350.4098892,44131.1428612105
212,E07000214,Surrey Heath,491362,160483,-0.68986,51.3361,8d80d6a6-ebe0-4a0f-9dfc-7b0b566ec6f6,95092963.0002747,53557.764578556
213,E07000215,Tandridge,536365,150325,-0.04805,51.23581,8b0bd72d-baa1-44f9-a000-cfce55a91835,248194582.980942,83131.8930481927
214,E07000216,Waverley,496363,140635,-0.62343,51.15686,31712664-0ca8-41c4-bfde-ae9fc9a5b7c7,345170238.491543,125428.597835176
215,E07000217,Woking,499087,157542,-0.57982,51.30837,1d1ee116-6a5b-4cb6-9273-022550428977,63603608.294426,54780.2122292832
216,E07000218,North Warwickshire,425570,296399,-1.6242,52.56484,4f217c4e-75c7-4504-bb32-e5eba043b8c9,284261518.649086,113228.85783183
217,E07000219,Nuneaton and Bedworth,435419,289352,-1.47965,52.50094,c31f95c0-6c74-409e-aa80-cb7752a87653,78950267.1659927,48147.0588079889
218,E07000220,Rugby,446498,276244,-1.31828,52.38228,236b15f7-a7e4-453e-b93d-9c14b66525f8,353557317.712494,115087.24363392
219,E07000221,Stratford-on-Avon,425019,251536,-1.63565,52.16154,7e01c3bd-3c9f-4b5d-8fdd-faee086a1107,977869032.994003,261369.031234585
220,E07000222,Warwick,428484,267113,-1.58369,52.30142,9634fa9a-4292-43a1-86f2-2f54c603eec3,282882324.589981,116714.078810518
221,E07000223,Adur,518076,106472,-0.32417,50.84572,21449734-d66d-4802-be18-ac4e7892964c,42065500.8275986,60515.2396687893
222,E07000224,Arun,495144,105723,-0.64999,50.84321,31dfa1d2-4525-4c60-97e7-8a5d0e98e2f8,220991208.52462,156496.735930844
223,E07000225,Chichester,490285,116600,-0.7163,50.94177,a1fa12d4-7051-4b34-ae4f-51cb7339680f,786194914.235695,297268.415722927
224,E07000226,Crawley,526390,137581,-0.19533,51.12357,5a150f43-e2ce-455b-b018-90971eba68b4,44971227.3985825,38798.5820994218
225,E07000227,Horsham,513674,123840,-0.38126,51.00272,32d23b3e-b86d-4953-9849-5a3872b65bd4,530278329.500095,215755.445667769
226,E07000228,Mid Sussex,533054,130623,-0.10272,51.05953,e1bb8944-9a61-414e-8b37-a911aa1d7e90,334029216.736504,132901.26791811
227,E07000229,Worthing,512679,104948,-0.40127,50.8331,45ece07a-1b03-4c80-a93e-1c8f1173bf87,32521006.0320358,29461.7158779624
228,E07000234,Bromsgrove,399840,273736,-2.00376,52.36169,54f6ade8-c5e6-439f-b55c-7f297e85d583,216968441.120949,113128.333688222
229,E07000235,Malvern Hills,377465,252197,-2.33089,52.16758,f6cb82ef-166c-4a44-8535-0c752645cd4f,577070951.886055,230594.571309952
230,E07000236,Redditch,403705,265253,-1.9471,52.28541,10274f62-c21d-4e96-95b8-66210eba2728,54250908.2603149,41300.3373143932
231,E07000237,Worcester,385725,255196,-2.21025,52.19482,c5f1cdd9-dbf8-4cb9-acb8-fb80346794b2,33278111.1236725,31261.2304343563
232,E07000238,Wychavon,398991,247839,-2.01614,52.12886,89e536c3-d7de-4fe7-a890-59b7e4bfce06,663542007.469109,219510.915753207
233,E07000239,Wyre Forest,384106,276388,-2.23494,52.3853,5cb313b7-cf9d-4bd5-9a8d-869109e76fe7,195403730.262199,100861.152767908
234,E07000240,St Albans,514580,209623,-0.3407,51.77356,96482ab8-bcf6-47a7-abbc-af7de1cb99ad,161205788.992043,72941.6954485127
235,E07000241,Welwyn Hatfield,525345,208467,-0.18518,51.76087,6e226c14-1af5-4653-b54b-684e1ce9030a,129536962.915245,82383.3616268959
236,E07000242,East Hertfordshire,537995,220370,0.002739,51.86485,a4efeab8-36da-4373-9c42-86eb9edbcbae,475669142.173576,135178.027176787
237,E07000243,Stevenage,524622,224531,-0.18987,51.90539,bf3856cd-9387-4cf9-8418-123ac793ea74,25969247.2625275,28585.161430964
238,E07000244,East Suffolk,636043,266272,1.456186,52.24399,5961e16e-c716-4389-ad73-56ef2ef4d6fe,1260989521.51744,584785.102860522
239,E07000245,West Suffolk,580944,271124,0.652769,52.30842,6a131873-bb6b-4148-a6e8-5cfc7f4d4740,1034675737.77446,274539.879009978
240,E07000246,Somerset West and Taunton,304961,130227,-3.35764,51.06348,e0e4e205-bceb-42ef-a5d2-be4a40542ef6,1189066301.17374,288889.254378535
241,E08000001,Bolton,368352,409873,-2.47952,53.58449,11e8bbc2-ee4c-465f-9f05-22bb10f9c1a9,139792040.674789,82643.5197746864
242,E08000002,Bury,379658,410768,-2.3088,53.5931,7c33a119-888a-4a59-9653-7375d47cc7ef,99460098.088501,68535.7621537225
243,E08000003,Manchester,384591,397063,-2.23359,53.47009,f922e12b-a3ea-4cbe-8633-c3210edbf3e3,115648443.590103,86841.9510631882
244,E08000004,Oldham,396603,406784,-2.05274,53.55768,5c18be9c-53b9-499b-9c54-59f53baa9e1f,142344867.617081,71145.2166053481
245,E08000005,Rochdale,390315,412326,-2.14784,53.60741,10defca9-de65-43f8-aba1-1f48fb7f36c0,158128218.886078,82706.3709034793
246,E08000006,Salford,374556,398128,-2.38485,53.47927,dca2752b-43e4-4ab7-98a0-052ca97ff2e3,97197259.633194,63262.7594028187
247,E08000007,Stockport,391806,388264,-2.12467,53.39116,1b3796be-1d56-4fa8-9d36-4cd43ddbc853,126040348.490097,73631.0890907973
248,E08000008,Tameside,394987,397995,-2.077,53.47867,76b529cc-2d69-48c2-a2b6-6eaa72f3853c,103154247.722641,55973.0550571155
249,E08000009,Trafford,375790,391162,-2.36572,53.41671,d303ea0c-d7c0-49ef-952a-6c503d5626df,106044604.785675,60714.9991313479
250,E08000010,Wigan,362136,402125,-2.57247,53.51444,a1e98fad-a5f5-4ee3-9ff1-7abf1956b7f8,188171014.795837,88682.4116794718
251,E08000011,Knowsley,344762,393778,-2.83297,53.43788,e5cc43e6-e27c-4243-8aad-a0ccec17e0a2,86500031.7274017,68163.8832839651
252,E08000012,Liverpool,339361,390553,-2.91364,53.4083,1b3cf975-4d2f-4285-b228-b3a1dbc12090,111835593.53054,62696.6017177067
253,E08000013,St. Helens,353412,395992,-2.7031,53.45862,e05ce411-21ee-4a61-96ba-ebdb7380d5d4,136358780.853088,76379.812216368
254,E08000014,Sefton,334282,398832,-2.99177,53.4821,c9093b8c-dab9-4d95-ba70-5ac6191d7b87,156578258.691727,130341.257575789
255,E08000015,Wirral,329110,386965,-3.06701,53.37478,247abfa1-9b70-485b-a4e1-efe2d6ae2642,160922004.066162,133924.146421679
256,E08000016,Barnsley,429979,403327,-1.54925,53.52577,dba70dfb-fd29-4eb5-b5f6-590c629a3ecd,329077576.743942,126418.480693044
257,E08000017,Doncaster,459167,403735,-1.10894,53.52697,8c3e7de4-fac3-4317-aefe-2f427b8a0e44,568006431.217484,171113.010006791
258,E08000018,Rotherham,447542,388980,-1.28651,53.39553,63d3ae79-b4ed-45cf-afb3-9c34701dffe5,286534378.866501,106146.658844867
259,E08000019,Sheffield,430511,389736,-1.54254,53.40358,a3c030ff-d6d2-4268-96b5-3ac60564a0ce,367929997.213348,132824.242952116
260,E08000021,Newcastle upon Tyne,422287,569661,-1.65297,55.021,7747f5b7-9565-4898-b40a-51d48e3bed86,113451801.033524,65213.9177968842
261,E08000022,North Tyneside,431471,570602,-1.50923,55.02896,f18fd00f-c039-4e9a-9026-a2cf61d33722,82300621.2657166,65595.8484770408
262,E08000023,South Tyneside,435514,564057,-1.44679,54.96988,bf8453f7-90c0-48fc-8308-5358cb627467,64420334.6468201,51335.0183818368
263,E08000024,Sunderland,436470,551524,-1.43344,54.85719,541a88db-9eac-44a9-b2f0-b081c4e9a1e3,137436289.905212,99822.0185963987
264,E08000025,Birmingham,408150,287352,-1.88141,52.48404,6979a98b-96f3-4a74-978a-4ebdd53db11b,267791151.73967,106250.794014248
265,E08000026,Coventry,432807,279689,-1.51908,52.41423,93b63571-9c56-4b16-9dcd-41ac28003b7b,98639088.6562881,54052.4494128151
266,E08000027,Dudley,393191,288584,-2.10171,52.49513,dbefee06-3bd0-4729-b604-895c7a71f06f,97958229.5149384,75372.2907122196
267,E08000028,Sandwell,399573,290764,-2.00771,52.51477,e57d0277-065e-4562-add6-46705928d4ce,85558906.1847763,59201.6852450065
268,E08000029,Solihull,419434,281483,-1.71558,52.431,97de0b21-7cb0-4f5e-9046-b164ee56b71e,178282023.161247,101023.266819082
269,E08000030,Walsall,402098,300804,-1.97044,52.60503,2ffc6c78-9784-4b9b-918c-4cbfca04490f,103973530.000946,59399.7390444176
270,E08000031,Wolverhampton,391463,300016,-2.12746,52.59788,24202c66-9cbc-477b-bafd-e3ed28a0c616,69436685.1266327,56050.1278266087
271,E08000032,Bradford,408395,438626,-1.87389,53.84382,afbfaf66-a59b-4b31-b0d7-13ec87bfe173,366419689.51532,135914.965732405
272,E08000033,Calderdale,402617,424896,-1.96182,53.72048,1ceebe9f-8e9d-491c-bbdd-6ea2a33d438c,363960946.597305,107684.893783348
273,E08000034,Kirklees,414586,416223,-1.78085,53.64233,604121f9-ce2f-4060-99f2-e381a0b6084c,408551667.407288,125665.908370181
274,E08000035,Leeds,432528,436384,-1.50736,53.82273,8f288e2b-690c-4538-b35f-d46490b9c5e7,551706498.093048,161516.600530211
275,E08000036,Wakefield,438366,418235,-1.42092,53.65922,fda4fbea-d40e-43e9-91f3-5cf5f6c1f150,338619719.483505,109444.438663069
276,E08000037,Gateshead,420158,559652,-1.68696,54.93115,14d5d46a-43bf-4b0f-88dd-bd190085ba90,142339149.384369,90175.8353314063
277,E09000001,City of London,532381,181359,-0.09353,51.51565,85e5b48a-87c0-4ac9-ab3d-11198bdd3032,2890319.11349487,9377.87173126437
278,E09000002,Barking and Dagenham,547757,185111,0.129479,51.54555,d11a1336-33df-429f-9f06-1b1a60aba8b5,36101455.5687714,40898.3660985445
279,E09000003,Barnet,523472,191753,-0.21821,51.61108,ea0cae7d-ea62-4733-bd71-87ed9e639660,86748227.8831329,50815.5975177389
280,E09000004,Bexley,549202,175434,0.146212,51.45822,acde1f1a-0b2a-4dca-9f08-82d138ef55ef,60578408.0650406,47931.4133459251
281,E09000005,Brent,519615,186468,-0.27568,51.56441,86ee01d2-a7a2-48cd-aee0-57ff368143e0,43232684.1274872,38331.001751277
282,E09000006,Bromley,542036,165708,0.039246,51.37267,8bd632f1-cd5f-41a7-81bb-a9f4e2087ffc,150130427.159538,76141.6277070387
283,E09000007,Camden,527492,184284,-0.16289,51.54306,5d3a5550-4297-43bd-b07f-25d40123bdd2,21789308.595253,26149.495598481
284,E09000008,Croydon,533922,164745,-0.07761,51.36598,40a82045-58ac-43b1-8b1e-5343d6133145,86496808.3293228,58688.2842361555
285,E09000009,Ealing,517057,181960,-0.31407,51.52443,c179025d-38e0-4a30-8473-3c50494b8455,55544376.032196,47432.5829098616
286,E09000010,Enfield,532829,196197,-0.08147,51.64888,d2a73622-b86f-4aad-8d37-29b644b7303d,82200174.297287,41061.1111768429
287,E09000011,Greenwich,542507,175879,0.050093,51.46394,742ad374-312b-4445-99df-bfdd78d53941,47307032.364296,47567.1044141298
288,E09000012,Hackney,534560,185787,-0.06045,51.55492,2735f4a9-294c-4953-a9c3-d85ec647888d,19046912.9773788,25374.028868182
289,E09000013,Hammersmith and Fulham,523867,177993,-0.21735,51.48733,632f57b5-0902-4b0c-b154-4bd80dc37163,16403545.8988724,23966.1414784362
290,E09000014,Haringey,531262,189349,-0.10667,51.58771,7be85f07-3e94-46fc-85c7-46f116e08370,29598417.6468964,29011.100205627
291,E09000015,Harrow,515356,189736,-0.33603,51.59467,2301caba-3656-4188-bf06-ed5f39af2600,50463307.3829956,33734.608106147
292,E09000016,Havering,555032,187514,0.235368,51.56519,3f3f63c4-47df-40ff-a6b2-286b2097dde0,112341328.142738,63706.9860246864
293,E09000017,Hillingdon,508166,183120,-0.44182,51.53663,a55523d8-cac4-4edb-933f-1c8ed301ea7d,115700600.050133,63883.1561402854
294,E09000018,Hounslow,512742,174965,-0.37847,51.46243,190227e5-10e1-4c26-afa9-b1d902751b87,55970470.7066956,64471.2769648748
295,E09000019,Islington,531158,184647,-0.10992,51.54548,27e7f3af-528e-4684-b5ce-619719147f8d,14856680.6578674,20720.1949694478
296,E09000020,Kensington and Chelsea,525757,179053,-0.18976,51.49644,234042fa-583f-48cb-9d48-723ef1eb4b4a,12125528.5328598,20963.4584035467
297,E09000021,Kingston upon Thames,519508,167389,-0.28367,51.39296,1cf2bc1e-5d7c-49af-b9ab-18127118bbfc,37265392.9152222,37527.9493942753
298,E09000022,Lambeth,531117,175629,-0.11386,51.46445,1be47ddb-6686-4045-8fed-72cd4dc3f159,26807914.7062683,33999.953922993
299,E09000023,Lewisham,537889,173344,-0.01733,51.44231,bc3e1604-9db6-4bdb-a290-3f3031692967,35148365.9241028,41158.0294216116
300,E09000024,Merton,526069,169507,-0.18867,51.41057,73cf93f8-6022-4d44-ba5c-90317d43b958,37624746.5277786,32340.3771201137
301,E09000025,Newham,540714,183344,0.027275,51.53147,bebfca34-3180-4959-9af8-9a89cef89917,36198118.4121704,35827.4658592559
302,E09000026,Redbridge,543512,189477,0.070085,51.58588,a568ca8d-0763-44bb-a08d-64c432b71a56,56403472.4249954,50426.1191048432
303,E09000027,Richmond upon Thames,519005,172650,-0.28914,51.44035,6b8f3c9b-266a-4e0b-a961-af8dd0569b01,57393448.0301666,68787.936388665
304,E09000028,Southwark,533945,175863,-0.07309,51.46589,0c53e1d3-cc95-4df6-ad96-f4c732eb50b2,28876525.9985733,34581.2161829788
305,E09000029,Sutton,527356,163640,-0.17227,51.35756,5f39f3f7-a8cd-4df3-bfe3-3ff9c6d5d191,43842789.962265,39804.2153145852
306,E09000030,Tower Hamlets,536340,181452,-0.03647,51.51554,b6f9ac39-16a3-4cdd-8dba-db4eda11157b,19770856.7982788,28746.885215256
307,E09000031,Waltham Forest,537327,190277,-0.01881,51.59461,c63a4bba-e6d3-40bc-bafe-ac564e5ee239,38807995.9513626,33326.6907765963
308,E09000032,Wandsworth,525151,174138,-0.20023,51.4524,d9fab180-5255-4c0a-bc86-ce59920b1a3f,34257039.2777176,38789.8267043423
309,E09000033,Westminster,528268,180870,-0.15295,51.5122,c2c78f8c-6f84-47ca-baa7-038388e323b2,21477144.2521744,27425.6050100524
310,N09000001,Antrim and Newtownabbey,130813,541285,-6.1776,54.69386,ee91d74e-f26b-4cfd-9873-9a1b72ef5ef3,728186534.01133,165066.961090158
311,N09000002,"Armagh City, Banbridge and Craigavon",112110,508158,-6.43455,54.3867,1244f58d-c960-4150-9890-79c0d8ea2712,1437068573.07787,242954.335395177
312,N09000003,Belfast,146465,529747,-5.92535,54.59853,8a5ae0aa-0486-4587-b20f-84457b284f3d,137716652.025108,65866.7852260913
313,N09000004,Causeway Coast and Glens,106168,581420,-6.5996,55.03962,f14ba9a9-b842-4f8e-b03b-b4cdf4686a4f,1985534670.71793,381026.18387915
314,N09000005,Derry City and Strabane,51779,559566,-7.42064,54.80904,c1765bf7-bb7a-49b1-a119-2a507338c378,1251241580.2269,271397.40327128
315,N09000006,Fermanagh and Omagh,41233,513013,-7.5271,54.38521,2e47a252-f328-459d-8861-361eba8b38eb,3012114892.36445,426437.771573504
316,N09000007,Lisburn and Castlereagh,138712,518920,-6.03545,54.49752,0c244149-5101-4156-8033-dbefd3d30806,510438048.321739,167278.148593367
317,N09000008,Mid and East Antrim,133943,560151,-6.14645,54.86462,71e27090-8b06-40f3-a53e-1293b44d25f2,1061355460.9354,234604.730290033
318,N09000009,Mid Ulster,83920,528564,-6.8889,54.55273,a6a11d6a-c301-4548-a4c5-1ba4b8609ef6,1957293776.36245,318306.174447411
319,N09000010,"Newry, Mourne and Down",133006,480432,-6.08891,54.14953,3859d7ce-62ce-4674-a9f1-ee08aa54c395,1682340596.67157,379481.25491599
320,N09000011,Ards and North Down,164321,524944,-5.64568,54.56409,b7437bb0-fbad-4819-b52d-e6060d315297,566472991.274521,203349.301102071
321,S12000005,Clackmannanshire,291178,696402,-3.75316,56.14784,b43b690e-11fb-4200-a29c-c073fbc6e753,159184968.766617,96933.075044535
322,S12000006,Dumfries and Galloway,270645,579856,-4.02863,55.09621,467ac40a-568e-4026-beef-dfab0b174399,6436567211.96051,1207331.32976719
323,S12000008,East Ayrshire,255398,624935,-4.29057,55.49674,0956e89f-9d2b-4e79-a417-8e7f2e631fbb,1270345623.57393,341126.501410668
324,S12000010,East Lothian,354854,672351,-2.72435,55.94207,270b1d99-fb73-4c4b-a773-d6e5dc54d7c4,679240459.985336,202121.077922868
325,S12000011,East Renfrewshire,251930,653115,-4.36058,55.74868,b02c2db7-7d8c-4f45-bb3b-dd68498cf05c,174247286.301239,93982.4588278508
326,S12000013,Na h-Eileanan Siar,126473,932862,-6.65722,58.19938,daf4a76c-5c56-4d79-b57e-c461a6857b0a,3096614420.40616,3871029.33931296
327,S12000014,Falkirk,285585,680170,-3.83619,56.00077,b1ee89c6-7d55-4fa1-8420-12bffd7cb45a,297137422.79454,169016.309228196
328,S12000017,Highland,241018,858292,-4.66103,57.58657,3dca636e-4e4d-4c55-a2f0-1522f00e84d3,26158740577.7599,5228322.13112317
329,S12000018,Inverclyde,227922,670894,-4.75387,55.9003,df98937a-4bb0-4254-b236-b512d1109872,161948611.166901,79317.0797389123
330,S12000019,Midlothian,330088,659217,-3.11738,55.82111,c70c7118-ff63-4e90-a767-e5afbc8bf896,355272051.807449,126464.604454531
331,S12000020,Moray,328015,843590,-3.20202,57.4768,118c7533-ba74-496c-937d-3d783b21c1d8,2237555713.49916,463319.000730681
332,S12000021,North Ayrshire,228996,651640,-4.7246,55.72789,d3b9d46d-0a26-46cc-b554-5e7f4e09b636,885284483.05722,350192.009479372
333,S12000023,Orkney Islands,348293,1006584,-2.90025,58.94334,eb4ac1dc-9c6b-49cc-bb69-ae97ee5ada22,1015036066.99008,1203103.32014749
334,S12000026,Scottish Borders,345889,626137,-2.85869,55.52595,8b8e8c57-187e-44fe-942f-f9e70146ef24,4739166535.03432,514368.731721073
335,S12000027,Shetland Islands,434516,1180307,-1.37344,60.50495,8ca68989-423f-470d-9ce4-874976f50248,1468514140.20337,2321848.94063355
336,S12000028,South Ayrshire,226545,596271,-4.72899,55.23008,91a5ede2-d9cd-4b16-9ab1-9e980fe39746,1224367575.97169,334928.49099608
337,S12000029,South Lanarkshire,284634,636071,-3.83272,55.60453,8a32d659-319b-48c4-ba94-1be7aefb8cb7,1773890203.27654,284613.8566307
338,S12000030,Stirling,255980,708769,-4.32595,56.24953,8b71ae07-b967-41f5-bece-dffdc26637b9,2252534181.93268,374959.274706419
339,S12000033,Aberdeen City,387763,808479,-2.20398,57.16697,4591f17e-f552-4be4-8ab8-981a55e87d0d,185571286.394562,123488.102647355
340,S12000034,Aberdeenshire,352284,816277,-2.79208,57.23469,01ed321f-141c-4412-9254-7da5e43a5eca,6318005998.67766,795100.071299478
341,S12000035,Argyll and Bute,200740,715443,-5.22114,56.28944,e3888e33-3889-4650-a19e-7a82ba5d1365,7005856185.09733,3795936.79749303
342,S12000036,City of Edinburgh,320193,669417,-3.27826,55.9112,a82844ff-d304-4cd3-99a2-4aad52e42a43,263395003.575623,110355.565091889
343,S12000038,Renfrewshire,239305,664698,-4.56834,55.84862,a384fc0b-492f-4cb0-9236-27b1673cf24e,261490837.040009,131767.174900411
344,S12000039,West Dunbartonshire,242904,681586,-4.52074,56.0014,5e33ded5-f49f-436b-9fd5-a1a3cef8eb26,177319583.354553,103711.142457731
345,S12000040,West Lothian,299483,668514,-3.60909,55.8992,b9f0681b-6ab3-4625-b109-c8bbdcd24b0f,428769481.686554,134930.310291464
346,S12000041,Angus,345506,759636,-2.8921,56.72518,1e66e80a-dbd5-422d-9de1-b01d2346c484,2184982978.74168,328940.692201645
347,S12000042,Dundee City,340291,732145,-2.97095,56.4776,f32b3910-d7a6-42e4-b435-0969076bcf74,59800679.8179016,47831.2234029698
348,S12000045,East Dunbartonshire,261240,676154,-4.22417,55.95829,186b9544-f801-4f80-9412-5aa50f89acda,174489033.610092,99592.6325879833
349,S12000047,Fife,339187,704721,-2.98251,56.23112,7292df5d-c1e5-4377-876c-095b0388f69e,1325190263.3374,358336.267272016
350,S12000048,Perth and Kinross,284302,744185,-3.88484,56.57528,02a7375e-e1d1-46e9-8273-b5238dab5f30,5383770929.70364,633248.257577389
351,S12000049,Glasgow City,261534,667033,-4.21479,55.87649,1677ab72-6a7a-4f1e-836f-2ea3fc306ba4,174622042.97348,135573.683962634
352,S12000050,North Lanarkshire,277984,665608,-3.9514,55.86814,4d5b9b31-20af-487f-84dc-1c77e4fa1c52,472298223.955948,163983.319889321
353,W06000001,Isle of Anglesey,245217,378331,-4.32298,53.27931,769fcadf-4e66-4397-a39c-2a8895cee304,715212552.616676,378960.876479978
354,W06000002,Gwynedd,280555,334966,-3.77715,52.89883,7ee0e758-9ce6-414a-bb8f-e10c3a4e6f58,2548292895.26555,643030.416655884
355,W06000003,Conwy,283293,362563,-3.74646,53.14739,b285121a-9788-42df-a521-9431ed7e4aa9,1130179030.75139,283263.471792093
356,W06000004,Denbighshire,309843,355416,-3.34761,53.08833,0c4fc8d0-0899-4d23-94c9-309654aee90d,838716213.388763,228749.239889259
357,W06000005,Flintshire,321134,369280,-3.18248,53.21471,360f033a-ae4f-4aa6-a0bc-029e7d12b99d,439830305.316193,239000.630652242
358,W06000006,Wrexham,333523,345387,-2.99203,53.00167,b8d5c6a9-4741-4891-a53b-be0d4f6b1af5,503773535.230103,190023.448114477
359,W06000008,Ceredigion,267127,268437,-3.94993,52.29795,c604ae9a-bd82-4b25-a3f3-7eac58dc41f6,1788379261.15336,382131.772836512
360,W06000009,Pembrokeshire,199821,221392,-4.90818,51.85513,9b4fce71-9c96-48af-b8ca-c55ace06041a,1618344479.52753,743251.787440902
361,W06000010,Carmarthenshire,247954,224133,-4.2111,51.89495,fe1a6b8f-9e68-4223-9e79-13c67cc526eb,2371104043.97527,591757.935112764
362,W06000011,Swansea,264022,197308,-3.96723,51.65806,59887e87-9b5d-4fc3-96ee-7051e618071c,377614543.883198,270825.958803216
363,W06000012,Neath Port Talbot,279261,195412,-3.74638,51.6445,0fe1227e-aa10-4f0e-b674-9014474dbc37,442272629.101311,182182.734646105
364,W06000013,Bridgend,288231,185870,-3.61375,51.5606,e99bd0a3-7cfd-4dac-8cb9-35bd9535d1d6,250785314.083366,93180.2520200993
365,W06000014,Vale of Glamorgan,302947,173080,-3.39801,51.44836,954095f8-f674-4b27-b0c3-c0ddccb11422,331261382.6782,108400.399299935
366,W06000015,Cardiff,315272,178887,-3.22209,51.50254,43860337-23aa-492d-9103-36f8e2f6eb32,142303613.177593,79616.4647958639
367,W06000016,Rhondda Cynon Taf,302237,192395,-3.41359,51.62185,e06b0aec-736f-4792-8c68-47537bdd404a,424150476.006226,130225.273793906
368,W06000018,Caerphilly,317245,195259,-3.19753,51.65001,7d7331fd-88a6-4260-b20f-1f3fa681914a,277387807.112293,116195.727849562
369,W06000019,Blaenau Gwent,318236,206771,-3.18592,51.75364,267ffa9f-fe17-4cc8-85b7-311f3fb30baf,108728046.067421,65601.5677696128
370,W06000020,Torfaen,327459,200480,-3.05101,51.69836,676409c4-9df1-48de-93e8-585163546e0a,126239929.82222,82540.0392973317
371,W06000021,Monmouthshire,337812,209231,-2.9028,51.77827,e866faaa-0fc5-471c-97b1-b005a691a9dc,850327720.804081,224909.141312524
372,W06000022,Newport,337897,187432,-2.89769,51.58231,8bc531fb-1a38-4de7-88f2-06ec46feaa69,190431146.629955,153213.26376315
373,W06000023,Powys,302329,273255,-3.43531,52.34864,17a670bb-cc7d-43f8-ad6c-c86fb00fdf87,5195311064.05993,610087.177264118
374,W06000024,Merthyr Tydfil,305916,206424,-3.36425,51.74858,530d685f-f7e4-4229-b4a5-b4bcc5e6f9ea,111956970.938263,66689.0810594782
